{"cameraMode":{"drawMode":0,"name":"Shaded","section":"Shading Mode"},"sceneLighting":false,"audioPlay":false,"sceneViewState":{"showFog":true,"showMaterialUpdate":false,"showSkybox":false,"showFlares":true,"showImageEffects":true,"showParticleSystems":true},"in2DMode":false,"pivot":{"x":-7.634767055511475,"y":0.7711012363433838,"z":4.214440822601318},"rotation":{"x":0.07608763873577118,"y":0.9223570227622986,"z":-0.23836618661880494,"w":0.29441767930984499},"size":2.4280507564544679,"orthographic":false}