{"cameraMode":{"drawMode":0,"name":"Shaded","section":"Shading Mode"},"sceneLighting":false,"audioPlay":false,"sceneViewState":{"showFog":true,"showMaterialUpdate":false,"showSkybox":false,"showFlares":true,"showImageEffects":true,"showParticleSystems":true},"in2DMode":false,"pivot":{"x":1091.71484375,"y":468.55078125,"z":180.5509033203125},"rotation":{"x":0.052462175488471988,"y":0.023966122418642045,"z":-0.0012482114834710956,"w":0.9983571767807007},"size":977.9624633789063,"orthographic":false}