{"cameraMode":{"drawMode":0,"name":"Shaded","section":"Shading Mode"},"sceneLighting":false,"audioPlay":false,"sceneViewState":{"showFog":true,"showMaterialUpdate":false,"showSkybox":false,"showFlares":true,"showImageEffects":true,"showParticleSystems":true},"in2DMode":false,"pivot":{"x":-5.251410007476807,"y":2.6159770488739015,"z":3.358273506164551},"rotation":{"x":0.14913059771060944,"y":0.7939574122428894,"z":-0.2158924639225006,"w":0.5484366416931152},"size":1.3138694763183594,"orthographic":true}