{"cameraMode":{"drawMode":0,"name":"Shaded","section":"Shading Mode"},"sceneLighting":false,"audioPlay":false,"sceneViewState":{"showFog":true,"showMaterialUpdate":false,"showSkybox":false,"showFlares":true,"showImageEffects":true,"showParticleSystems":true},"in2DMode":false,"pivot":{"x":-72.31999969482422,"y":8.609999656677246,"z":4.420000076293945},"rotation":{"x":0.28201818466186526,"y":-0.004316256381571293,"z":0.0012715969933196903,"w":0.9594067931175232},"size":10.0,"orthographic":false}