{"cameraMode":{"drawMode":0,"name":"Shaded","section":"Shading Mode"},"sceneLighting":false,"audioPlay":false,"sceneViewState":{"showFog":true,"showMaterialUpdate":false,"showSkybox":false,"showFlares":true,"showImageEffects":true,"showParticleSystems":true},"in2DMode":false,"pivot":{"x":-1.5782794952392579,"y":3.1186513900756838,"z":-3.0590925216674806},"rotation":{"x":0.27616187930107119,"y":-0.2842637300491333,"z":0.08588113635778427,"w":0.9140884280204773},"size":3.059905767440796,"orthographic":true}