{"cameraMode":{"drawMode":0,"name":"Shaded","section":"Shading Mode"},"sceneLighting":false,"audioPlay":false,"sceneViewState":{"showFog":true,"showMaterialUpdate":false,"showSkybox":false,"showFlares":true,"showImageEffects":true,"showParticleSystems":true},"in2DMode":false,"pivot":{"x":-7.343350887298584,"y":2.0875911712646486,"z":7.443445682525635},"rotation":{"x":0.05167412385344505,"y":-0.6939789056777954,"z":0.05004890635609627,"w":0.7164061665534973},"size":4.999935626983643,"orthographic":false}