{"cameraMode":{"drawMode":0,"name":"Shaded","section":"Shading Mode"},"sceneLighting":false,"audioPlay":false,"sceneViewState":{"showFog":true,"showMaterialUpdate":false,"showSkybox":false,"showFlares":true,"showImageEffects":true,"showParticleSystems":true},"in2DMode":false,"pivot":{"x":1.8614822626113892,"y":-13.174589157104493,"z":-35.625823974609378},"rotation":{"x":0.3126661777496338,"y":-0.002849592361599207,"z":0.0009379905532114208,"w":0.949859082698822},"size":3.5034565925598146,"orthographic":false}